year,code,value,system,subtype
1972,PAV.SHRIMP.CPUE,2.668,WGOA,abundance
1973,PAV.SHRIMP.CPUE,2.267,WGOA,abundance
1974,PAV.SHRIMP.CPUE,2.831,WGOA,abundance
1975,PAV.SHRIMP.CPUE,2.566,WGOA,abundance
1976,PAV.SHRIMP.CPUE,2.781,WGOA,abundance
1977,PAV.SHRIMP.CPUE,2.778,WGOA,abundance
1978,PAV.SHRIMP.CPUE,2.27,WGOA,abundance
1979,PAV.SHRIMP.CPUE,0.934,WGOA,abundance
1980,PAV.SHRIMP.CPUE,1.095,WGOA,abundance
1981,PAV.SHRIMP.CPUE,1.561,WGOA,abundance
1982,PAV.SHRIMP.CPUE,0.91,WGOA,abundance
1983,PAV.SHRIMP.CPUE,1.44,WGOA,abundance
1984,PAV.SHRIMP.CPUE,0.445,WGOA,abundance
1985,PAV.SHRIMP.CPUE,0.754,WGOA,abundance
1986,PAV.SHRIMP.CPUE,1.367,WGOA,abundance
1987,PAV.SHRIMP.CPUE,0.131,WGOA,abundance
1988,PAV.SHRIMP.CPUE,0.075,WGOA,abundance
1989,PAV.SHRIMP.CPUE,0.6,WGOA,abundance
1990,PAV.SHRIMP.CPUE,0.572,WGOA,abundance
1991,PAV.SHRIMP.CPUE,1.176,WGOA,abundance
1992,PAV.SHRIMP.CPUE,0.873,WGOA,abundance
1993,PAV.SHRIMP.CPUE,0.315,WGOA,abundance
1994,PAV.SHRIMP.CPUE,-0.313,WGOA,abundance
1995,PAV.SHRIMP.CPUE,-0.252,WGOA,abundance
1996,PAV.SHRIMP.CPUE,0.97,WGOA,abundance
1997,PAV.SHRIMP.CPUE,0.12,WGOA,abundance
1998,PAV.SHRIMP.CPUE,0.281,WGOA,abundance
1999,PAV.SHRIMP.CPUE,-0.424,WGOA,abundance
2000,PAV.SHRIMP.CPUE,0.266,WGOA,abundance
2001,PAV.SHRIMP.CPUE,0.114,WGOA,abundance
2002,PAV.SHRIMP.CPUE,-0.382,WGOA,abundance
2003,PAV.SHRIMP.CPUE,-0.362,WGOA,abundance
2004,PAV.SHRIMP.CPUE,0.229,WGOA,abundance
2005,PAV.SHRIMP.CPUE,-0.088,WGOA,abundance
2006,PAV.SHRIMP.CPUE,-0.886,WGOA,abundance
2007,PAV.SHRIMP.CPUE,-0.804,WGOA,abundance
2008,PAV.SHRIMP.CPUE,-0.972,WGOA,abundance
2009,PAV.SHRIMP.CPUE,0.427,WGOA,abundance
2010,PAV.SHRIMP.CPUE,-0.25,WGOA,abundance
2011,PAV.SHRIMP.CPUE,-0.42,WGOA,abundance
2012,PAV.SHRIMP.CPUE,0.042,WGOA,abundance
2013,PAV.SHRIMP.CPUE,-0.146,WGOA,abundance
2014,PAV.SHRIMP.CPUE,-0.272,WGOA,abundance
2015,PAV.SHRIMP.CPUE,0.049,WGOA,abundance
1972,PAV.CAPELIN.CPUE,1.037,WGOA,abundance
1973,PAV.CAPELIN.CPUE,0.575,WGOA,abundance
1974,PAV.CAPELIN.CPUE,1.338,WGOA,abundance
1975,PAV.CAPELIN.CPUE,0.304,WGOA,abundance
1976,PAV.CAPELIN.CPUE,-0.263,WGOA,abundance
1977,PAV.CAPELIN.CPUE,1.167,WGOA,abundance
1978,PAV.CAPELIN.CPUE,-0.631,WGOA,abundance
1979,PAV.CAPELIN.CPUE,-0.742,WGOA,abundance
1980,PAV.CAPELIN.CPUE,0.06,WGOA,abundance
1981,PAV.CAPELIN.CPUE,0.119,WGOA,abundance
1982,PAV.CAPELIN.CPUE,-0.545,WGOA,abundance
1983,PAV.CAPELIN.CPUE,-1.571,WGOA,abundance
1984,PAV.CAPELIN.CPUE,-1.396,WGOA,abundance
1985,PAV.CAPELIN.CPUE,-1.666,WGOA,abundance
1986,PAV.CAPELIN.CPUE,-1.002,WGOA,abundance
1987,PAV.CAPELIN.CPUE,-1.869,WGOA,abundance
1988,PAV.CAPELIN.CPUE,-1.516,WGOA,abundance
1989,PAV.CAPELIN.CPUE,-1.658,WGOA,abundance
1990,PAV.CAPELIN.CPUE,-1.692,WGOA,abundance
1991,PAV.CAPELIN.CPUE,-1.597,WGOA,abundance
1992,PAV.CAPELIN.CPUE,-1.917,WGOA,abundance
1993,PAV.CAPELIN.CPUE,-1.956,WGOA,abundance
1994,PAV.CAPELIN.CPUE,-1.944,WGOA,abundance
1995,PAV.CAPELIN.CPUE,-1.949,WGOA,abundance
1996,PAV.CAPELIN.CPUE,-1.991,WGOA,abundance
1997,PAV.CAPELIN.CPUE,-1.731,WGOA,abundance
1998,PAV.CAPELIN.CPUE,-1.846,WGOA,abundance
1999,PAV.CAPELIN.CPUE,-2,WGOA,abundance
2000,PAV.CAPELIN.CPUE,-2,WGOA,abundance
2001,PAV.CAPELIN.CPUE,-1.903,WGOA,abundance
2002,PAV.CAPELIN.CPUE,-2,WGOA,abundance
2003,PAV.CAPELIN.CPUE,-2,WGOA,abundance
2004,PAV.CAPELIN.CPUE,-1.408,WGOA,abundance
2005,PAV.CAPELIN.CPUE,-1.807,WGOA,abundance
2006,PAV.CAPELIN.CPUE,-1.888,WGOA,abundance
2007,PAV.CAPELIN.CPUE,-2,WGOA,abundance
2008,PAV.CAPELIN.CPUE,-1.952,WGOA,abundance
2009,PAV.CAPELIN.CPUE,-1.926,WGOA,abundance
2010,PAV.CAPELIN.CPUE,-1.809,WGOA,abundance
2011,PAV.CAPELIN.CPUE,-1.935,WGOA,abundance
2012,PAV.CAPELIN.CPUE,-1.893,WGOA,abundance
2013,PAV.CAPELIN.CPUE,-2,WGOA,abundance
2014,PAV.CAPELIN.CPUE,-2,WGOA,abundance
2015,PAV.CAPELIN.CPUE,-2,WGOA,abundance
1972,PAV.EULACHON.CPUE,-2,WGOA,abundance
1973,PAV.EULACHON.CPUE,-2,WGOA,abundance
1974,PAV.EULACHON.CPUE,-2,WGOA,abundance
1975,PAV.EULACHON.CPUE,-2,WGOA,abundance
1976,PAV.EULACHON.CPUE,-2,WGOA,abundance
1977,PAV.EULACHON.CPUE,-1.836,WGOA,abundance
1978,PAV.EULACHON.CPUE,-1.806,WGOA,abundance
1979,PAV.EULACHON.CPUE,-1.95,WGOA,abundance
1980,PAV.EULACHON.CPUE,-1.943,WGOA,abundance
1981,PAV.EULACHON.CPUE,-1.643,WGOA,abundance
1982,PAV.EULACHON.CPUE,-1.562,WGOA,abundance
1983,PAV.EULACHON.CPUE,-1.662,WGOA,abundance
1984,PAV.EULACHON.CPUE,-2,WGOA,abundance
1985,PAV.EULACHON.CPUE,-1.811,WGOA,abundance
1986,PAV.EULACHON.CPUE,-1.383,WGOA,abundance
1987,PAV.EULACHON.CPUE,-1.562,WGOA,abundance
1988,PAV.EULACHON.CPUE,-2,WGOA,abundance
1989,PAV.EULACHON.CPUE,-1.538,WGOA,abundance
1990,PAV.EULACHON.CPUE,-1.597,WGOA,abundance
1991,PAV.EULACHON.CPUE,-1.539,WGOA,abundance
1992,PAV.EULACHON.CPUE,-1.722,WGOA,abundance
1993,PAV.EULACHON.CPUE,-1.878,WGOA,abundance
1994,PAV.EULACHON.CPUE,-1.76,WGOA,abundance
1995,PAV.EULACHON.CPUE,-1.789,WGOA,abundance
1996,PAV.EULACHON.CPUE,-1.813,WGOA,abundance
1997,PAV.EULACHON.CPUE,-1.843,WGOA,abundance
1998,PAV.EULACHON.CPUE,-1.315,WGOA,abundance
1999,PAV.EULACHON.CPUE,-1.32,WGOA,abundance
2000,PAV.EULACHON.CPUE,-1.653,WGOA,abundance
2001,PAV.EULACHON.CPUE,-1.673,WGOA,abundance
2002,PAV.EULACHON.CPUE,-1.647,WGOA,abundance
2003,PAV.EULACHON.CPUE,-1.617,WGOA,abundance
2004,PAV.EULACHON.CPUE,-1.911,WGOA,abundance
2005,PAV.EULACHON.CPUE,-1.611,WGOA,abundance
2006,PAV.EULACHON.CPUE,-1.937,WGOA,abundance
2007,PAV.EULACHON.CPUE,-1.458,WGOA,abundance
2008,PAV.EULACHON.CPUE,-1.911,WGOA,abundance
2009,PAV.EULACHON.CPUE,-1.752,WGOA,abundance
2010,PAV.EULACHON.CPUE,-0.975,WGOA,abundance
2011,PAV.EULACHON.CPUE,-0.994,WGOA,abundance
2012,PAV.EULACHON.CPUE,-1.607,WGOA,abundance
2013,PAV.EULACHON.CPUE,-1.743,WGOA,abundance
2014,PAV.EULACHON.CPUE,-1.378,WGOA,abundance
2015,PAV.EULACHON.CPUE,-1.829,WGOA,abundance
1972,PAV.JELLY.CPUE,-2,WGOA,abundance
1973,PAV.JELLY.CPUE,-2,WGOA,abundance
1974,PAV.JELLY.CPUE,-2,WGOA,abundance
1975,PAV.JELLY.CPUE,-2,WGOA,abundance
1976,PAV.JELLY.CPUE,-2,WGOA,abundance
1977,PAV.JELLY.CPUE,-1.382,WGOA,abundance
1978,PAV.JELLY.CPUE,-0.996,WGOA,abundance
1979,PAV.JELLY.CPUE,-1.651,WGOA,abundance
1980,PAV.JELLY.CPUE,-1.925,WGOA,abundance
1981,PAV.JELLY.CPUE,-0.51,WGOA,abundance
1982,PAV.JELLY.CPUE,-1.878,WGOA,abundance
1983,PAV.JELLY.CPUE,1.173,WGOA,abundance
1984,PAV.JELLY.CPUE,-0.265,WGOA,abundance
1985,PAV.JELLY.CPUE,-1.89,WGOA,abundance
1986,PAV.JELLY.CPUE,-0.415,WGOA,abundance
1987,PAV.JELLY.CPUE,0.888,WGOA,abundance
1988,PAV.JELLY.CPUE,1.26,WGOA,abundance
1989,PAV.JELLY.CPUE,1.248,WGOA,abundance
1990,PAV.JELLY.CPUE,-1.256,WGOA,abundance
1991,PAV.JELLY.CPUE,1.398,WGOA,abundance
1992,PAV.JELLY.CPUE,1.247,WGOA,abundance
1993,PAV.JELLY.CPUE,1.034,WGOA,abundance
1994,PAV.JELLY.CPUE,0.416,WGOA,abundance
1995,PAV.JELLY.CPUE,0.791,WGOA,abundance
1996,PAV.JELLY.CPUE,1.057,WGOA,abundance
1997,PAV.JELLY.CPUE,0.573,WGOA,abundance
1998,PAV.JELLY.CPUE,-0.202,WGOA,abundance
1999,PAV.JELLY.CPUE,-1.888,WGOA,abundance
2000,PAV.JELLY.CPUE,-1.713,WGOA,abundance
2001,PAV.JELLY.CPUE,-1.633,WGOA,abundance
2002,PAV.JELLY.CPUE,0.661,WGOA,abundance
2003,PAV.JELLY.CPUE,-2,WGOA,abundance
2004,PAV.JELLY.CPUE,-0.786,WGOA,abundance
2005,PAV.JELLY.CPUE,-1.85,WGOA,abundance
2006,PAV.JELLY.CPUE,-2,WGOA,abundance
2007,PAV.JELLY.CPUE,-1.826,WGOA,abundance
2008,PAV.JELLY.CPUE,-1.878,WGOA,abundance
2009,PAV.JELLY.CPUE,-1.595,WGOA,abundance
2010,PAV.JELLY.CPUE,-1.042,WGOA,abundance
2011,PAV.JELLY.CPUE,-1.988,WGOA,abundance
2012,PAV.JELLY.CPUE,-2,WGOA,abundance
2013,PAV.JELLY.CPUE,-2,WGOA,abundance
2014,PAV.JELLY.CPUE,-2,WGOA,abundance
2015,PAV.JELLY.CPUE,-1.448,WGOA,abundance
1977,CHI.SHRIMP.CPUE,1.116,WGOA,abundance
1978,CHI.SHRIMP.CPUE,1.091,WGOA,abundance
1979,CHI.SHRIMP.CPUE,2.416,WGOA,abundance
1980,CHI.SHRIMP.CPUE,1.638,WGOA,abundance
1981,CHI.SHRIMP.CPUE,2.031,WGOA,abundance
1982,CHI.SHRIMP.CPUE,1.046,WGOA,abundance
1983,CHI.SHRIMP.CPUE,-0.089,WGOA,abundance
1984,CHI.SHRIMP.CPUE,-0.085,WGOA,abundance
1985,CHI.SHRIMP.CPUE,0.226,WGOA,abundance
1986,CHI.SHRIMP.CPUE,-1.135,WGOA,abundance
1987,CHI.SHRIMP.CPUE,-0.633,WGOA,abundance
1989,CHI.SHRIMP.CPUE,0.937,WGOA,abundance
1990,CHI.SHRIMP.CPUE,-0.235,WGOA,abundance
1992,CHI.SHRIMP.CPUE,0.684,WGOA,abundance
1995,CHI.SHRIMP.CPUE,1.021,WGOA,abundance
1998,CHI.SHRIMP.CPUE,0.83,WGOA,abundance
2001,CHI.SHRIMP.CPUE,1.462,WGOA,abundance
2002,CHI.SHRIMP.CPUE,0.943,WGOA,abundance
2003,CHI.SHRIMP.CPUE,1.244,WGOA,abundance
2004,CHI.SHRIMP.CPUE,0.139,WGOA,abundance
2005,CHI.SHRIMP.CPUE,0.532,WGOA,abundance
2006,CHI.SHRIMP.CPUE,0.133,WGOA,abundance
2007,CHI.SHRIMP.CPUE,0.145,WGOA,abundance
2008,CHI.SHRIMP.CPUE,0.267,WGOA,abundance
2009,CHI.SHRIMP.CPUE,-0.075,WGOA,abundance
2010,CHI.SHRIMP.CPUE,0.233,WGOA,abundance
2011,CHI.SHRIMP.CPUE,0.523,WGOA,abundance
2012,CHI.SHRIMP.CPUE,0.842,WGOA,abundance
2013,CHI.SHRIMP.CPUE,1.132,WGOA,abundance
2014,CHI.SHRIMP.CPUE,0.174,WGOA,abundance
2015,CHI.SHRIMP.CPUE,0.679,WGOA,abundance
2016,CHI.SHRIMP.CPUE,1.383,WGOA,abundance
1977,CHI.EULACHON.CPUE,-2,WGOA,abundance
1978,CHI.EULACHON.CPUE,-2,WGOA,abundance
1979,CHI.EULACHON.CPUE,-1.451,WGOA,abundance
1980,CHI.EULACHON.CPUE,-1.772,WGOA,abundance
1981,CHI.EULACHON.CPUE,-1.939,WGOA,abundance
1982,CHI.EULACHON.CPUE,-1.389,WGOA,abundance
1983,CHI.EULACHON.CPUE,-1.684,WGOA,abundance
1984,CHI.EULACHON.CPUE,-1.687,WGOA,abundance
1985,CHI.EULACHON.CPUE,-0.594,WGOA,abundance
1986,CHI.EULACHON.CPUE,-1.422,WGOA,abundance
1987,CHI.EULACHON.CPUE,-1.049,WGOA,abundance
1989,CHI.EULACHON.CPUE,-1.043,WGOA,abundance
1990,CHI.EULACHON.CPUE,-2,WGOA,abundance
1992,CHI.EULACHON.CPUE,-1.088,WGOA,abundance
1995,CHI.EULACHON.CPUE,-2,WGOA,abundance
1998,CHI.EULACHON.CPUE,-2,WGOA,abundance
2001,CHI.EULACHON.CPUE,-0.857,WGOA,abundance
2002,CHI.EULACHON.CPUE,-0.331,WGOA,abundance
2003,CHI.EULACHON.CPUE,-1.421,WGOA,abundance
2004,CHI.EULACHON.CPUE,-0.717,WGOA,abundance
2005,CHI.EULACHON.CPUE,-1.355,WGOA,abundance
2006,CHI.EULACHON.CPUE,-1.465,WGOA,abundance
2007,CHI.EULACHON.CPUE,-1.516,WGOA,abundance
2008,CHI.EULACHON.CPUE,-0.994,WGOA,abundance
2009,CHI.EULACHON.CPUE,-0.884,WGOA,abundance
2010,CHI.EULACHON.CPUE,-2,WGOA,abundance
2011,CHI.EULACHON.CPUE,-1.081,WGOA,abundance
2012,CHI.EULACHON.CPUE,-0.722,WGOA,abundance
2013,CHI.EULACHON.CPUE,-0.931,WGOA,abundance
2014,CHI.EULACHON.CPUE,-1.381,WGOA,abundance
2015,CHI.EULACHON.CPUE,-0.18,WGOA,abundance
2016,CHI.EULACHON.CPUE,-0.17,WGOA,abundance
1977,CHI.JELLY.CPUE,-2,WGOA,abundance
1978,CHI.JELLY.CPUE,-2,WGOA,abundance
1979,CHI.JELLY.CPUE,-1.533,WGOA,abundance
1980,CHI.JELLY.CPUE,-1.182,WGOA,abundance
1981,CHI.JELLY.CPUE,-0.714,WGOA,abundance
1982,CHI.JELLY.CPUE,-1.545,WGOA,abundance
1983,CHI.JELLY.CPUE,-0.36,WGOA,abundance
1984,CHI.JELLY.CPUE,0.162,WGOA,abundance
1985,CHI.JELLY.CPUE,-0.933,WGOA,abundance
1986,CHI.JELLY.CPUE,0.567,WGOA,abundance
1987,CHI.JELLY.CPUE,-0.188,WGOA,abundance
1989,CHI.JELLY.CPUE,1.002,WGOA,abundance
1990,CHI.JELLY.CPUE,-2,WGOA,abundance
1992,CHI.JELLY.CPUE,1.219,WGOA,abundance
1995,CHI.JELLY.CPUE,0.39,WGOA,abundance
1998,CHI.JELLY.CPUE,1.401,WGOA,abundance
2001,CHI.JELLY.CPUE,0.735,WGOA,abundance
2002,CHI.JELLY.CPUE,0.932,WGOA,abundance
2003,CHI.JELLY.CPUE,-0.367,WGOA,abundance
2004,CHI.JELLY.CPUE,0.639,WGOA,abundance
2005,CHI.JELLY.CPUE,1.728,WGOA,abundance
2006,CHI.JELLY.CPUE,-0.666,WGOA,abundance
2007,CHI.JELLY.CPUE,0.16,WGOA,abundance
2008,CHI.JELLY.CPUE,1.384,WGOA,abundance
2009,CHI.JELLY.CPUE,-1.124,WGOA,abundance
2010,CHI.JELLY.CPUE,0.119,WGOA,abundance
2011,CHI.JELLY.CPUE,1.095,WGOA,abundance
2012,CHI.JELLY.CPUE,-0.296,WGOA,abundance
2013,CHI.JELLY.CPUE,0.673,WGOA,abundance
2014,CHI.JELLY.CPUE,0.378,WGOA,abundance
2015,CHI.JELLY.CPUE,0.758,WGOA,abundance
2016,CHI.JELLY.CPUE,1.057,WGOA,abundance
1979,SE.HER,23144,EGOA,abundance
1980,SE.HER,41120,EGOA,abundance
1981,SE.HER,42846,EGOA,abundance
1982,SE.HER,28635,EGOA,abundance
1983,SE.HER,33865,EGOA,abundance
1984,SE.HER,40712,EGOA,abundance
1985,SE.HER,33262,EGOA,abundance
1986,SE.HER,27198,EGOA,abundance
1987,SE.HER,45508,EGOA,abundance
1988,SE.HER,55071,EGOA,abundance
1989,SE.HER,33251,EGOA,abundance
1990,SE.HER,23349,EGOA,abundance
1991,SE.HER,31061,EGOA,abundance
1992,SE.HER,46350,EGOA,abundance
1993,SE.HER,25911,EGOA,abundance
1994,SE.HER,17819,EGOA,abundance
1995,SE.HER,28572,EGOA,abundance
1996,SE.HER,31517,EGOA,abundance
1997,SE.HER,36441,EGOA,abundance
1998,SE.HER,43576,EGOA,abundance
1999,SE.HER,49762,EGOA,abundance
2000,SE.HER,53501,EGOA,abundance
2001,SE.HER,53407,EGOA,abundance
2002,SE.HER,57078,EGOA,abundance
2003,SE.HER,71996,EGOA,abundance
2004,SE.HER,88437,EGOA,abundance
2005,SE.HER,84399,EGOA,abundance
2006,SE.HER,77767,EGOA,abundance
2007,SE.HER,80847,EGOA,abundance
2008,SE.HER,90171,EGOA,abundance
2009,SE.HER,103348,EGOA,abundance
2010,SE.HER,96900,EGOA,abundance
2011,SE.HER,87954,EGOA,abundance
2012,SE.HER,64229,EGOA,abundance
2013,SE.HER,68947,EGOA,abundance
2014,SE.HER,53491,EGOA,abundance
2015,SE.HER,55804,EGOA,abundance
2016,SE.HER,74676,EGOA,abundance
1972,SE.CO,5.922,EGOA,production
1973,SE.CO,6.107,EGOA,production
1974,SE.CO,5.631,EGOA,production
1975,SE.CO,5.916,EGOA,production
1976,SE.CO,5.975,EGOA,production
1977,SE.CO,6.234,EGOA,production
1978,SE.CO,6.109,EGOA,production
1979,SE.CO,6.056,EGOA,production
1980,SE.CO,6.148,EGOA,production
1981,SE.CO,6.31,EGOA,production
1982,SE.CO,6.286,EGOA,production
1983,SE.CO,6.266,EGOA,production
1984,SE.CO,6.409,EGOA,production
1985,SE.CO,6.532,EGOA,production
1986,SE.CO,6.188,EGOA,production
1987,SE.CO,6.02,EGOA,production
1988,SE.CO,6.343,EGOA,production
1989,SE.CO,6.458,EGOA,production
1990,SE.CO,6.505,EGOA,production
1991,SE.CO,6.568,EGOA,production
1992,SE.CO,6.564,EGOA,production
1993,SE.CO,6.757,EGOA,production
1994,SE.CO,6.524,EGOA,production
1995,SE.CO,6.499,EGOA,production
1996,SE.CO,6.295,EGOA,production
1997,SE.CO,6.476,EGOA,production
1998,SE.CO,6.56,EGOA,production
1999,SE.CO,6.292,EGOA,production
2000,SE.CO,6.518,EGOA,production
2001,SE.CO,6.511,EGOA,production
2002,SE.CO,6.398,EGOA,production
2003,SE.CO,6.489,EGOA,production
2004,SE.CO,6.478,EGOA,production
2005,SE.CO,6.321,EGOA,production
2006,SE.CO,6.314,EGOA,production
2007,SE.CO,6.377,EGOA,production
2008,SE.CO,6.421,EGOA,production
2009,SE.CO,6.412,EGOA,production
2010,SE.CO,6.364,EGOA,production
2011,SE.CO,6.319,EGOA,production
2012,SE.CO,6.588,EGOA,production
2013,SE.CO,6.579,EGOA,production
2014,SE.CO,6.332,EGOA,production
2015,SE.CO,6.347,EGOA,production
2016,SE.CO,6.439,EGOA,production
1972,PWS.CO,5.299,WGOA,production
1973,PWS.CO,4.881,WGOA,production
1974,PWS.CO,4.925,WGOA,production
1975,PWS.CO,5.205,WGOA,production
1976,PWS.CO,5.254,WGOA,production
1977,PWS.CO,5.495,WGOA,production
1978,PWS.CO,5.499,WGOA,production
1979,PWS.CO,5.528,WGOA,production
1980,PWS.CO,5.599,WGOA,production
1981,PWS.CO,5.799,WGOA,production
1982,PWS.CO,5.531,WGOA,production
1983,PWS.CO,5.763,WGOA,production
1984,PWS.CO,6.01,WGOA,production
1985,PWS.CO,5.629,WGOA,production
1986,PWS.CO,5.245,WGOA,production
1987,PWS.CO,5.68,WGOA,production
1988,PWS.CO,5.628,WGOA,production
1989,PWS.CO,5.72,WGOA,production
1990,PWS.CO,5.807,WGOA,production
1991,PWS.CO,5.792,WGOA,production
1992,PWS.CO,5.649,WGOA,production
1993,PWS.CO,6.025,WGOA,production
1994,PWS.CO,5.985,WGOA,production
1995,PWS.CO,5.662,WGOA,production
1996,PWS.CO,4.92,WGOA,production
1997,PWS.CO,5.289,WGOA,production
1998,PWS.CO,5.231,WGOA,production
1999,PWS.CO,5.854,WGOA,production
2000,PWS.CO,5.694,WGOA,production
2001,PWS.CO,5.813,WGOA,production
2002,PWS.CO,5.718,WGOA,production
2003,PWS.CO,5.792,WGOA,production
2004,PWS.CO,5.73,WGOA,production
2005,PWS.CO,5.883,WGOA,production
2006,PWS.CO,5.517,WGOA,production
2007,PWS.CO,5.741,WGOA,production
2008,PWS.CO,5.478,WGOA,production
2009,PWS.CO,5.553,WGOA,production
2010,PWS.CO,5.536,WGOA,production
2011,PWS.CO,5.305,WGOA,production
2012,PWS.CO,5.809,WGOA,production
2013,PWS.CO,5.789,WGOA,production
2014,PWS.CO,5.337,WGOA,production
2015,PWS.CO,5.679,WGOA,production
2016,PWS.CO,5.744,WGOA,production
1972,KOD.CO,3.553,WGOA,production
1973,KOD.CO,4.135,WGOA,production
1974,KOD.CO,4.374,WGOA,production
1975,KOD.CO,4.375,WGOA,production
1976,KOD.CO,4.446,WGOA,production
1977,KOD.CO,4.688,WGOA,production
1978,KOD.CO,5.148,WGOA,production
1979,KOD.CO,5.143,WGOA,production
1980,KOD.CO,5.085,WGOA,production
1981,KOD.CO,5.538,WGOA,production
1982,KOD.CO,5.198,WGOA,production
1983,KOD.CO,5.361,WGOA,production
1984,KOD.CO,5.454,WGOA,production
1985,KOD.CO,5.227,WGOA,production
1986,KOD.CO,5.285,WGOA,production
1987,KOD.CO,5.482,WGOA,production
1989,KOD.CO,5.468,WGOA,production
1990,KOD.CO,5.512,WGOA,production
1991,KOD.CO,5.447,WGOA,production
1992,KOD.CO,5.496,WGOA,production
1993,KOD.CO,5.472,WGOA,production
1994,KOD.CO,5.488,WGOA,production
1995,KOD.CO,5.305,WGOA,production
1996,KOD.CO,5.581,WGOA,production
1997,KOD.CO,5.629,WGOA,production
1998,KOD.CO,5.472,WGOA,production
1999,KOD.CO,5.523,WGOA,production
2000,KOD.CO,5.612,WGOA,production
2001,KOD.CO,5.702,WGOA,production
2002,KOD.CO,5.546,WGOA,production
2003,KOD.CO,5.69,WGOA,production
2004,KOD.CO,5.598,WGOA,production
2005,KOD.CO,5.743,WGOA,production
2006,KOD.CO,5.552,WGOA,production
2007,KOD.CO,5.478,WGOA,production
2008,KOD.CO,5.461,WGOA,production
2009,KOD.CO,5.426,WGOA,production
2010,KOD.CO,5.274,WGOA,production
2011,KOD.CO,5.319,WGOA,production
2012,KOD.CO,5.429,WGOA,production
2013,KOD.CO,5.673,WGOA,production
2014,KOD.CO,5.613,WGOA,production
2015,KOD.CO,5.32,WGOA,production
2016,KOD.CO,5.556,WGOA,production
1972,CI.CO,5.027,WGOA,production
1973,CI.CO,5.315,WGOA,production
1974,CI.CO,5.368,WGOA,production
1975,CI.CO,5.326,WGOA,production
1976,CI.CO,5.292,WGOA,production
1977,CI.CO,5.353,WGOA,production
1978,CI.CO,5.459,WGOA,production
1979,CI.CO,5.456,WGOA,production
1980,CI.CO,5.695,WGOA,production
1981,CI.CO,5.925,WGOA,production
1982,CI.CO,5.722,WGOA,production
1983,CI.CO,5.669,WGOA,production
1984,CI.CO,5.819,WGOA,production
1985,CI.CO,5.89,WGOA,production
1986,CI.CO,5.668,WGOA,production
1987,CI.CO,5.756,WGOA,production
1988,CI.CO,5.546,WGOA,production
1989,CI.CO,5.709,WGOA,production
1990,CI.CO,5.65,WGOA,production
1991,CI.CO,5.677,WGOA,production
1992,CI.CO,5.507,WGOA,production
1993,CI.CO,5.778,WGOA,production
1994,CI.CO,5.668,WGOA,production
1995,CI.CO,5.526,WGOA,production
1996,CI.CO,5.215,WGOA,production
1997,CI.CO,5.251,WGOA,production
1998,CI.CO,5.13,WGOA,production
1999,CI.CO,5.394,WGOA,production
2000,CI.CO,5.083,WGOA,production
2001,CI.CO,5.412,WGOA,production
2002,CI.CO,5.056,WGOA,production
2003,CI.CO,5.51,WGOA,production
2004,CI.CO,5.369,WGOA,production
2005,CI.CO,5.322,WGOA,production
2006,CI.CO,5.264,WGOA,production
2007,CI.CO,5.243,WGOA,production
2008,CI.CO,5.193,WGOA,production
2009,CI.CO,5.321,WGOA,production
2010,CI.CO,4.938,WGOA,production
2011,CI.CO,5.029,WGOA,production
2012,CI.CO,5.426,WGOA,production
2013,CI.CO,5.14,WGOA,production
2014,CI.CO,5.344,WGOA,production
2015,CI.CO,5.143,WGOA,production
2016,CI.CO,5.484,WGOA,production
1972,CH.CO,4.349,WGOA,production
1973,CH.CO,4.088,WGOA,production
1974,CH.CO,4.727,WGOA,production
1975,CH.CO,4.546,WGOA,production
1976,CH.CO,4.241,WGOA,production
1977,CH.CO,4.306,WGOA,production
1978,CH.CO,4.996,WGOA,production
1979,CH.CO,5.078,WGOA,production
1980,CH.CO,4.897,WGOA,production
1981,CH.CO,5.482,WGOA,production
1982,CH.CO,4.792,WGOA,production
1983,CH.CO,5.042,WGOA,production
1984,CH.CO,5.281,WGOA,production
1985,CH.CO,5.067,WGOA,production
1986,CH.CO,5.177,WGOA,production
1987,CH.CO,5.569,WGOA,production
1988,CH.CO,4.834,WGOA,production
1989,CH.CO,5.114,WGOA,production
1990,CH.CO,5.219,WGOA,production
1991,CH.CO,5.493,WGOA,production
1992,CH.CO,5.361,WGOA,production
1993,CH.CO,5.364,WGOA,production
1994,CH.CO,5.45,WGOA,production
1995,CH.CO,5.286,WGOA,production
1996,CH.CO,4.959,WGOA,production
1997,CH.CO,5.112,WGOA,production
1998,CH.CO,4.952,WGOA,production
1999,CH.CO,5.091,WGOA,production
2000,CH.CO,5.119,WGOA,production
2001,CH.CO,4.693,WGOA,production
2002,CH.CO,5.017,WGOA,production
2004,CH.CO,NA,WGOA,production
2005,CH.CO,4.594,WGOA,production
2006,CH.CO,4.865,WGOA,production
2007,CH.CO,5.208,WGOA,production
2008,CH.CO,5.043,WGOA,production
2009,CH.CO,5.202,WGOA,production
2010,CH.CO,4.885,WGOA,production
2011,CH.CO,4.523,WGOA,production
2012,CH.CO,4.509,WGOA,production
2013,CH.CO,5.122,WGOA,production
2014,CH.CO,4.914,WGOA,production
2015,CH.CO,4.973,WGOA,production
2016,CH.CO,5.354,WGOA,production
1972,SP.CO,3.819,WGOA,production
1973,SP.CO,3.972,WGOA,production
1974,SP.CO,1.826,WGOA,production
1975,SP.CO,2.334,WGOA,production
1976,SP.CO,3.324,WGOA,production
1977,SP.CO,4.784,WGOA,production
1978,SP.CO,5.553,WGOA,production
1979,SP.CO,5.438,WGOA,production
1980,SP.CO,5.21,WGOA,production
1981,SP.CO,5.408,WGOA,production
1982,SP.CO,5.106,WGOA,production
1983,SP.CO,5.493,WGOA,production
1984,SP.CO,5.237,WGOA,production
1985,SP.CO,5.373,WGOA,production
1986,SP.CO,5.352,WGOA,production
1987,SP.CO,5.704,WGOA,production
1988,SP.CO,5.647,WGOA,production
1989,SP.CO,5.487,WGOA,production
1990,SP.CO,5.501,WGOA,production
1991,SP.CO,5.621,WGOA,production
1992,SP.CO,5.343,WGOA,production
1993,SP.CO,5.408,WGOA,production
1994,SP.CO,5.422,WGOA,production
1995,SP.CO,5.467,WGOA,production
1996,SP.CO,5.049,WGOA,production
1997,SP.CO,5.188,WGOA,production
1998,SP.CO,5.284,WGOA,production
1999,SP.CO,5.41,WGOA,production
2000,SP.CO,5.331,WGOA,production
2001,SP.CO,5.307,WGOA,production
2002,SP.CO,5.117,WGOA,production
2003,SP.CO,5.372,WGOA,production
2004,SP.CO,5.157,WGOA,production
2005,SP.CO,5.229,WGOA,production
2006,SP.CO,5.179,WGOA,production
2007,SP.CO,5.353,WGOA,production
2008,SP.CO,5.395,WGOA,production
2009,SP.CO,5.217,WGOA,production
2010,SP.CO,5.186,WGOA,production
2011,SP.CO,4.963,WGOA,production
2012,SP.CO,5.468,WGOA,production
2013,SP.CO,5.472,WGOA,production
2014,SP.CO,5.424,WGOA,production
2015,SP.CO,5.257,WGOA,production
2016,SP.CO,5.545,WGOA,production
2017,CI.CO,5.369215857,NA,NA
2017,KOD.CO,5.610660163,NA,NA
2017,PWS.CO,5.685741739,NA,NA
2017,SP.CO,5.428134794,NA,NA
2017,SE.CO,6.096910013,NA,NA
2018,CI.CO,5.235528447,NA,NA
2018,KOD.CO,5.580924976,NA,NA
2018,PWS.CO,5.702430536,NA,NA
2018,SP.CO,5.720159303,NA,NA
2018,SE.CO,6.225309282,NA,NA
2018,CH.CO,5.340444115,NA,NA
1973,SE.PI,-2.103827905,EGOA,production
1975,SE.PI,-1.982125378,EGOA,production
1977,SE.PI,-0.060506523,EGOA,production
1979,SE.PI,-0.592154406,EGOA,production
1981,SE.PI,0.122047268,EGOA,production
1983,SE.PI,0.144466155,EGOA,production
1985,SE.PI,1.018802734,EGOA,production
1987,SE.PI,-0.950856592,EGOA,production
1989,SE.PI,0.525587228,EGOA,production
1991,SE.PI,0.634478963,EGOA,production
1993,SE.PI,1.319856354,EGOA,production
1995,SE.PI,1.486396655,EGOA,production
1997,SE.PI,0.9067083,EGOA,production
1999,SE.PI,-0.121357787,EGOA,production
2001,SE.PI,0.993181149,EGOA,production
2003,SE.PI,0.993181149,EGOA,production
2005,SE.PI,-0.890005329,EGOA,production
2007,SE.PI,-0.457641086,EGOA,production
2009,SE.PI,0.122047268,EGOA,production
2011,SE.PI,-0.057303825,EGOA,production
2013,SE.PI,0.717749113,EGOA,production
2015,SE.PI,-0.262276503,EGOA,production
2017,SE.PI,-1.506447001,NA,NA
1972,SE.PI,-1.950902468,EGOA,production
1974,SE.PI,-2.522137082,EGOA,production
1976,SE.PI,-1.028567555,EGOA,production
1978,SE.PI,-1.307218586,EGOA,production
1980,SE.PI,-0.646815642,EGOA,production
1982,SE.PI,0.177991411,EGOA,production
1984,SE.PI,0.573675875,EGOA,production
1986,SE.PI,-1.388027385,EGOA,production
1988,SE.PI,0.735293473,EGOA,production
1990,SE.PI,0.785450659,EGOA,production
1992,SE.PI,0.690709308,EGOA,production
1994,SE.PI,0.476148014,EGOA,production
1996,SE.PI,-0.134097744,EGOA,production
1998,SE.PI,1.06131518,EGOA,production
2000,SE.PI,0.88019201,EGOA,production
2002,SE.PI,0.584821916,EGOA,production
2004,SE.PI,0.729720453,EGOA,production
2006,SE.PI,0.395339215,EGOA,production
2008,SE.PI,0.197496983,EGOA,production
2010,SE.PI,0.729720453,EGOA,production
2012,SE.PI,1.300955067,EGOA,production
2014,SE.PI,0.097182612,EGOA,production
2016,SE.PI,0.08046355,EGOA,production
2018,SE.PI,-0.518709717,NA,NA
1973,CH.PI,-2.105406572,WGOA,production
1975,CH.PI,-0.274618248,WGOA,production
1977,CH.PI,0.689467092,WGOA,production
1979,CH.PI,0.801456803,WGOA,production
1981,CH.PI,0.562870027,WGOA,production
1983,CH.PI,-0.150455743,WGOA,production
1985,CH.PI,0.246377365,WGOA,production
1987,CH.PI,1.867793619,WGOA,production
1989,CH.PI,0.07352368,WGOA,production
1991,CH.PI,1.171509762,WGOA,production
1993,CH.PI,-0.184539568,WGOA,production
1995,CH.PI,-1.053677109,WGOA,production
1997,CH.PI,0.438707521,WGOA,production
1999,CH.PI,-0.189408686,WGOA,production
2001,CH.PI,NA,WGOA,production
2005,CH.PI,-0.306267515,WGOA,production
2007,CH.PI,1.626772284,WGOA,production
2009,CH.PI,-0.048204267,WGOA,production
2011,CH.PI,-1.389646243,WGOA,production
2013,CH.PI,-0.396346196,WGOA,production
2015,CH.PI,-1.379908007,WGOA,production
1972,CH.PI,-2.640228599,WGOA,production
1974,CH.PI,-1.895000589,WGOA,production
1976,CH.PI,-0.169303921,WGOA,production
1978,CH.PI,0.724969691,WGOA,production
1980,CH.PI,0.33888771,WGOA,production
1982,CH.PI,-0.66312971,WGOA,production
1984,CH.PI,-1.207235944,WGOA,production
1986,CH.PI,-0.869638677,WGOA,production
1988,CH.PI,NA,WGOA,production
1990,CH.PI,0.3442749,WGOA,production
1992,CH.PI,0.611838692,WGOA,production
1994,CH.PI,0.784228786,WGOA,production
1996,CH.PI,0.09107695,WGOA,production
1998,CH.PI,0.635183184,WGOA,production
2000,CH.PI,0.416104106,WGOA,production
2002,CH.PI,-0.314758062,WGOA,production
2004,CH.PI,-1.056394612,WGOA,production
2006,CH.PI,0.769862945,WGOA,production
2008,CH.PI,0.489729042,WGOA,production
2010,CH.PI,0.144948855,WGOA,production
2012,CH.PI,0.114421442,WGOA,production
2014,CH.PI,0.753701373,WGOA,production
2016,CH.PI,1.746740143,WGOA,production
2018,CH.PI,0.849722295,NA,NA
1973,KOD.PI,-1.940785727,WGOA,production
1975,KOD.PI,0.199310455,WGOA,production
1977,KOD.PI,0.654210126,WGOA,production
1979,KOD.PI,0.867875123,WGOA,production
1981,KOD.PI,-0.269374055,WGOA,production
1983,KOD.PI,0.168294568,WGOA,production
1985,KOD.PI,0.295804324,WGOA,production
1987,KOD.PI,0.609409401,WGOA,production
1989,KOD.PI,-0.720827517,WGOA,production
1991,KOD.PI,-1.606503393,WGOA,production
1993,KOD.PI,-0.255589217,WGOA,production
1995,KOD.PI,-1.530686781,WGOA,production
1997,KOD.PI,1.233173345,WGOA,production
1999,KOD.PI,0.037338602,WGOA,production
2001,KOD.PI,0.954030364,WGOA,production
2003,KOD.PI,1.188372619,WGOA,production
2005,KOD.PI,1.774228257,WGOA,production
2007,KOD.PI,-0.145310509,WGOA,production
2009,KOD.PI,-0.13152567,WGOA,production
2011,KOD.PI,0.829966818,WGOA,production
2013,KOD.PI,0.144171101,WGOA,production
2015,KOD.PI,-1.640965489,WGOA,production
2017,KOD.PI,-0.714616744,NA,NA
1972,KOD.PI,-3.198225954,WGOA,production
1974,KOD.PI,-1.456423413,WGOA,production
1976,KOD.PI,-0.706989952,WGOA,production
1978,KOD.PI,-0.117985672,WGOA,production
1980,KOD.PI,-0.207367644,WGOA,production
1982,KOD.PI,-1.011805396,WGOA,production
1984,KOD.PI,-0.548852616,WGOA,production
1986,KOD.PI,-0.913256042,WGOA,production
1988,KOD.PI,-0.619899825,WGOA,production
1990,KOD.PI,0.267044363,WGOA,production
1992,KOD.PI,0.979808298,WGOA,production
1994,KOD.PI,1.208992843,WGOA,production
1996,KOD.PI,-0.140904126,WGOA,production
1998,KOD.PI,-0.067565072,WGOA,production
2000,KOD.PI,0.42976539,WGOA,production
2002,KOD.PI,0.099739646,WGOA,production
2004,KOD.PI,0.858340489,WGOA,production
2006,KOD.PI,0.665825471,WGOA,production
2008,KOD.PI,0.773542207,WGOA,production
2010,KOD.PI,0.267044363,WGOA,production
2012,KOD.PI,0.791876971,WGOA,production
2014,KOD.PI,0.950014307,WGOA,production
2016,KOD.PI,0.752915598,WGOA,production
2018,KOD.PI,0.944365765,NA,NA
1973,SP.PI,-2.855365365,WGOA,production
1975,SP.PI,-0.225169746,WGOA,production
1977,SP.PI,0.490412286,WGOA,production
1979,SP.PI,0.776261408,WGOA,production
1981,SP.PI,0.645806775,WGOA,production
1983,SP.PI,1.09856109,WGOA,production
1985,SP.PI,0.217992316,WGOA,production
1987,SP.PI,0.684175785,WGOA,production
1989,SP.PI,-0.065938356,WGOA,production
1991,SP.PI,0.956595754,WGOA,production
1993,SP.PI,0.904797591,WGOA,production
1995,SP.PI,-0.282723261,WGOA,production
1997,SP.PI,0.795445913,WGOA,production
1999,SP.PI,0.11631444,WGOA,production
2001,SP.PI,-0.296152414,WGOA,production
2003,SP.PI,0.638132973,WGOA,production
2005,SP.PI,0.265953578,WGOA,production
2007,SP.PI,1.17529911,WGOA,production
2009,SP.PI,-1.094227817,WGOA,production
2011,SP.PI,-1.53738988,WGOA,production
2013,SP.PI,-1.215090198,WGOA,production
2015,SP.PI,-0.025650896,WGOA,production
2017,SP.PI,-1.168041086,NA,NA
1972,SP.PI,-2.833351188,WGOA,production
1974,SP.PI,-2.803908248,WGOA,production
1976,SP.PI,-0.668520274,WGOA,production
1978,SP.PI,0.348035975,WGOA,production
1980,SP.PI,0.169828705,WGOA,production
1982,SP.PI,-0.21912803,WGOA,production
1984,SP.PI,0.084599142,WGOA,production
1986,SP.PI,-0.79094092,WGOA,production
1988,SP.PI,0.419318882,WGOA,production
1990,SP.PI,0.671908316,WGOA,production
1992,SP.PI,0.626969092,WGOA,production
1994,SP.PI,0.961688832,WGOA,production
1996,SP.PI,-0.35704496,WGOA,production
1998,SP.PI,0.518495102,WGOA,production
2000,SP.PI,0.017965119,WGOA,production
2002,SP.PI,0.05670583,WGOA,production
2004,SP.PI,0.591327638,WGOA,production
2006,SP.PI,0.419318882,WGOA,production
2008,SP.PI,0.473555877,WGOA,production
2010,SP.PI,0.163630192,WGOA,production
2012,SP.PI,0.464258107,WGOA,production
2014,SP.PI,0.975635488,WGOA,production
2016,SP.PI,1.158491642,WGOA,production
2018,SP.PI,-0.448839202,NA,NA
1977,CHI.P.COD.CPUE,-1.599066351,NA,NA
1978,CHI.P.COD.CPUE,-1.307162651,NA,NA
1979,CHI.P.COD.CPUE,-1.748432164,NA,NA
1980,CHI.P.COD.CPUE,-1.371876031,NA,NA
1981,CHI.P.COD.CPUE,-1.063724495,NA,NA
1982,CHI.P.COD.CPUE,-0.634919725,NA,NA
1983,CHI.P.COD.CPUE,0.20273427,NA,NA
1984,CHI.P.COD.CPUE,-0.161346167,NA,NA
1985,CHI.P.COD.CPUE,-0.086983609,NA,NA
1986,CHI.P.COD.CPUE,-1.310488749,NA,NA
1987,CHI.P.COD.CPUE,-0.353733738,NA,NA
1989,CHI.P.COD.CPUE,0.187004506,NA,NA
1990,CHI.P.COD.CPUE,-0.25077945,NA,NA
1992,CHI.P.COD.CPUE,0.11807392,NA,NA
1995,CHI.P.COD.CPUE,-0.574506905,NA,NA
1998,CHI.P.COD.CPUE,0.200225858,NA,NA
2001,CHI.P.COD.CPUE,-2,NA,NA
2002,CHI.P.COD.CPUE,-0.573389898,NA,NA
2003,CHI.P.COD.CPUE,0.190384605,NA,NA
2004,CHI.P.COD.CPUE,-0.90741919,NA,NA
2005,CHI.P.COD.CPUE,0.08869113,NA,NA
2006,CHI.P.COD.CPUE,-0.330806039,NA,NA
2007,CHI.P.COD.CPUE,0.262171822,NA,NA
2008,CHI.P.COD.CPUE,0.937609377,NA,NA
2009,CHI.P.COD.CPUE,-0.008061283,NA,NA
2010,CHI.P.COD.CPUE,-0.27119309,NA,NA
2011,CHI.P.COD.CPUE,-0.167207148,NA,NA
2012,CHI.P.COD.CPUE,0.486928911,NA,NA
2013,CHI.P.COD.CPUE,1.415839249,NA,NA
2014,CHI.P.COD.CPUE,0.451758163,NA,NA
2015,CHI.P.COD.CPUE,0.664195725,NA,NA
2016,CHI.P.COD.CPUE,1.105638777,NA,NA
1972,PAV.P.COD.CPUE,-1.515867479,NA,NA
1973,PAV.P.COD.CPUE,-2,NA,NA
1974,PAV.P.COD.CPUE,-2,NA,NA
1975,PAV.P.COD.CPUE,-2,NA,NA
1976,PAV.P.COD.CPUE,-1.672704765,NA,NA
1977,PAV.P.COD.CPUE,0.093554951,NA,NA
1978,PAV.P.COD.CPUE,0.119515357,NA,NA
1979,PAV.P.COD.CPUE,1.509321759,NA,NA
1980,PAV.P.COD.CPUE,2.350418264,NA,NA
1981,PAV.P.COD.CPUE,1.683863091,NA,NA
1982,PAV.P.COD.CPUE,1.710323181,NA,NA
1983,PAV.P.COD.CPUE,1.712490706,NA,NA
1984,PAV.P.COD.CPUE,1.29186081,NA,NA
1985,PAV.P.COD.CPUE,0.566560308,NA,NA
1986,PAV.P.COD.CPUE,1.374460669,NA,NA
1987,PAV.P.COD.CPUE,0.853945778,NA,NA
1988,PAV.P.COD.CPUE,1.119219328,NA,NA
1989,PAV.P.COD.CPUE,1.427667667,NA,NA
1990,PAV.P.COD.CPUE,1.189345626,NA,NA
1991,PAV.P.COD.CPUE,1.327816635,NA,NA
1992,PAV.P.COD.CPUE,1.841802376,NA,NA
1993,PAV.P.COD.CPUE,1.691540489,NA,NA
1994,PAV.P.COD.CPUE,1.579140051,NA,NA
1995,PAV.P.COD.CPUE,1.744061935,NA,NA
1996,PAV.P.COD.CPUE,1.938242619,NA,NA
1997,PAV.P.COD.CPUE,1.797802758,NA,NA
1998,PAV.P.COD.CPUE,1.563915159,NA,NA
1999,PAV.P.COD.CPUE,1.355408695,NA,NA
2000,PAV.P.COD.CPUE,1.273443703,NA,NA
2001,PAV.P.COD.CPUE,1.54596437,NA,NA
2002,PAV.P.COD.CPUE,-1.534244378,NA,NA
2003,PAV.P.COD.CPUE,1.344402679,NA,NA
2004,PAV.P.COD.CPUE,1.901857494,NA,NA
2005,PAV.P.COD.CPUE,0.155149356,NA,NA
2006,PAV.P.COD.CPUE,0.916938151,NA,NA
2007,PAV.P.COD.CPUE,0.541931272,NA,NA
2008,PAV.P.COD.CPUE,-0.058187406,NA,NA
2009,PAV.P.COD.CPUE,1.22573003,NA,NA
2010,PAV.P.COD.CPUE,0.971550705,NA,NA
2011,PAV.P.COD.CPUE,0.595573101,NA,NA
2012,PAV.P.COD.CPUE,1.09076915,NA,NA
2013,PAV.P.COD.CPUE,1.358596895,NA,NA
2014,PAV.P.COD.CPUE,0.767336902,NA,NA
2015,PAV.P.COD.CPUE,1.502898885,NA,NA
2017,CHI.P.COD.CPUE,-0.099174847,WGOA,abundance
2017,CHI.EULACHON.CPUE,-0.995396854,WGOA,abundance
2017,CHI.JELLY.CPUE,0.033917838,WGOA,abundance
2017,CHI.SHRIMP.CPUE,0.968834683,WGOA,abundance
2018,CHI.P.COD.CPUE,0.110722774,WGOA,abundance
2018,CHI.EULACHON.CPUE,-0.917786565,WGOA,abundance
2018,CHI.JELLY.CPUE,-0.190141501,WGOA,abundance
2018,CHI.SHRIMP.CPUE,1.382950411,WGOA,abundance
2019,CHI.P.COD.CPUE,0.78094272,WGOA,abundance
2019,CHI.EULACHON.CPUE,-2,WGOA,abundance
2019,CHI.JELLY.CPUE,1.541224907,WGOA,abundance
2019,CHI.SHRIMP.CPUE,1.488887004,WGOA,abundance
2017,PAV.CAPELIN.CPUE,-2,WGOA,abundance
2017,PAV.P.COD.CPUE,0.700521477,WGOA,abundance
2017,PAV.EULACHON.CPUE,-1.59839553,WGOA,abundance
2017,PAV.JELLY.CPUE,1.432929443,WGOA,abundance
2017,PAV.SHRIMP.CPUE,-0.544311319,WGOA,abundance
2018,PAV.CAPELIN.CPUE,-2,WGOA,abundance
2018,PAV.P.COD.CPUE,0.48794183,WGOA,abundance
2018,PAV.EULACHON.CPUE,-1.890414488,WGOA,abundance
2018,PAV.JELLY.CPUE,-0.346296532,WGOA,abundance
2018,PAV.SHRIMP.CPUE,0.449323919,WGOA,abundance
2019,PAV.CAPELIN.CPUE,-2,WGOA,abundance
2019,PAV.P.COD.CPUE,0.083137027,WGOA,abundance
2019,PAV.EULACHON.CPUE,-2,WGOA,abundance
2019,PAV.JELLY.CPUE,0.738695508,WGOA,abundance
2019,PAV.SHRIMP.CPUE,0.290025742,WGOA,abundance
